Sensor,Coeff_0,Coeff_1,Coeff_2,Coeff_3,Coeff_4,Coeff_5,Coeff_6,Coeff_7,Coeff_8,Coeff_9,Coeff_10,Coeff_11,Coeff_12,Coeff_13,Coeff_14,Coeff_15,Coeff_16,Coeff_17,Coeff_18,Coeff_19,Coeff_20,Coeff_21,Coeff_22,Coeff_23,Coeff_24,Coeff_25,Coeff_26,Coeff_27,Coeff_28,Coeff_29,Coeff_30,Coeff_31,Coeff_32,Coeff_33,Coeff_34,Coeff_35,Coeff_36,Coeff_37,Coeff_38,Coeff_39,Coeff_40,Coeff_41,Coeff_42,Coeff_43,Coeff_44,Coeff_45,Coeff_46,Coeff_47,Coeff_48,Coeff_49,Coeff_50,Coeff_51,Coeff_52,Coeff_53,Coeff_54,Coeff_55,Coeff_56,Coeff_57,Coeff_58,Coeff_59,Coeff_60,Coeff_61,Coeff_62,Coeff_63,Coeff_64,Coeff_65,Coeff_66,Coeff_67,Coeff_68,Coeff_69,Coeff_70,Coeff_71,Coeff_72,Coeff_73,Coeff_74,Coeff_75,Coeff_76,Coeff_77,Coeff_78,Coeff_79,Coeff_80,Coeff_81,Coeff_82,Coeff_83,Coeff_84,Coeff_85,Coeff_86,Coeff_87,Coeff_88,Coeff_89,Coeff_90,Coeff_91,Coeff_92,Coeff_93,Coeff_94,Coeff_95,Coeff_96,Coeff_97,Coeff_98,Coeff_99,Coeff_100,Coeff_101,Coeff_102,Coeff_103,Coeff_104,Coeff_105,Coeff_106,Coeff_107,Coeff_108,Coeff_109,Coeff_110,Coeff_111,Coeff_112,Coeff_113,Coeff_114,Coeff_115,Coeff_116,Coeff_117,Coeff_118,Coeff_119,Coeff_120,Coeff_121,Coeff_122,Coeff_123,Coeff_124,Coeff_125,Coeff_126,Coeff_127
fotorresistencia_data.csv,456.79098064650975,457.4980874276963,459.6194077712559,460.32651455244246,460.32651455244246,461.74072811481557,462.4478348960021,462.4478348960021,592.5554826343268,1059.2459582174483,1375.322689407835,1361.1805537841042,1337.846030004948,1320.1683604752843,1321.5825740376574,1335.0176028802018,1347.038418160373,1410.6780284671624,1448.1546878700494,1448.1546878700494,1436.1338725898781,1423.4059505285204,1421.2846301849606,1408.5567081236027,1414.213562373095,1431.1841251215724,1445.3262607453032,1441.083620058184,1439.6694064958108,1427.6485912156395,1429.0628047780128,1428.3556979968262,1421.991736966147,1417.749096279028,1431.891231902759,1393.0003589374987,1144.0987719598338,1091.065763370843,1100.9652583074544,1117.9358210559317,1141.9774516162743,1157.5338008023784,1152.5840533340725,1137.0277041479685,1137.7348109291552,1167.4332957389902,1195.7175669864519,1181.575431362721,1186.525178831027,1209.859702610183,1221.1734111091678,1221.1734111091678,1221.8805178903542,1229.6586924834064,1227.5373721398466,1240.2652942012046,1255.1145366061219,1257.942963730868,1256.5287501684952,1258.6500705120548,1267.8424586674796,1270.6708857922258,1265.72113832392,1267.8424586674796,-1.414213562373078,-2.1213203435596313,0.0,-0.7071067811865532,-0.7071067811865532,-0.7071067811865532,0.0,0.0,72.12489168102786,-159.80613254815972,-7.778174593051972,-0.7071067811865532,4.242640687119319,4.949747468305759,-7.778174593051972,5.656854249492426,-6.363961030678865,-9.192388155425078,0.0,0.0,0.7071067811865532,2.1213203435596597,-1.4142135623731065,-5.656854249492312,2.828427124746213,-8.485281374238525,1.4142135623731065,-4.242640687119319,4.242640687119319,2.1213203435596597,-0.7071067811865532,-1.4142135623731065,0.7071067811865532,-0.7071067811865532,0.7071067811865532,25.45584412271569,49.497474683058385,-7.778174593051972,-2.1213203435596597,-2.1213203435596597,-4.949747468305873,-9.192388155425078,-2.8284271247460993,2.828427124746213,0.7071067811865532,-10.606601717798299,10.606601717798299,-14.849242404917504,11.313708498984738,4.949747468305759,-13.435028842544511,-2.1213203435596597,2.828427124746213,-2.1213203435596597,-4.242640687119319,-11.313708498984738,-3.535533905932766,6.363961030678865,-3.535533905932766,-1.4142135623731065,-0.7071067811865532,2.1213203435596597,-2.8284271247460993,2.1213203435596597
fotorresistencia_data.csv,1267.8424586674796,1274.2064196981587,1288.3485553218898,1045.810929374904,817.415439051649,847.113923861484,844.9926035179244,852.7707781109764,856.3063120169091,857.7205255792823,859.8418459228418,861.2560594852149,869.7413408594535,871.8626612030132,873.9839815465727,877.5195154525055,877.5195154525055,877.5195154525055,883.8834764831845,898.0256121069153,907.9251070435271,923.4814562296311,974.3931444750626,1132.7850634608492,1200.6673144547578,1203.4957415795038,1192.1820330805192,1190.0607127369594,1184.403858487467,1182.9896449250941,1176.625683894415,1171.6759364261093,1167.4332957389902,1160.3622279271244,1163.1906550518706,1166.0190821766168,1159.655121145938,1163.1906550518706,1163.1906550518706,1170.9688296449228,1175.2114703320422,1178.0398974567884,1178.0398974567884,1175.2114703320422,1173.797256769669,1176.6256838944153,1170.9688296449228,1173.0901499884826,1062.781492123381,441.2346314604057,435.5777772109133,435.5777772109133,436.9919907732864,436.9919907732864,436.9919907732864,436.9919907732864,436.9919907732864,436.2848839920998,436.9919907732864,436.9919907732864,438.4062043356595,438.4062043356595,438.4062043356595,437.6990975544729,-2.1213203435596597,-4.242640687119319,2.828427124746213,156.27059864222707,-15.556349186104,1.4142135623731065,-0.7071067811864964,-2.828427124746213,0.7071067811865532,-0.7071067811865532,0.0,-1.4142135623731065,-1.4142135623731065,-0.7071067811865532,0.0,-0.7071067811865532,0.7071067811865532,-2.1213203435596597,0.0,-5.656854249492369,-4.242640687119319,-2.828427124746213,-35.35533905932738,-35.355339059327434,-5.656854249492426,4.242640687119206,1.4142135623731065,0.7071067811865532,0.7071067811865532,0.7071067811865532,2.8284271247460993,0.7071067811865532,3.535533905932766,-2.1213203435596597,-2.1213203435596597,0.7071067811865532,0.0,-2.1213203435596597,-0.7071067811865532,-2.828427124746213,-1.4142135623731065,-1.4142135623729928,0.0,1.4142135623731065,-1.4142135623731065,0.0,-4.242640687119319,4.949747468305873,103.94469683442253,5.656854249492369,0.0,0.0,0.0,0.0,0.0,0.0,0.0,0.7071067811865248,0.0,0.0,0.0,0.0,0.0,0.7071067811865532
fotorresistencia_data.csv,437.6990975544729,437.6990975544729,437.6990975544729,438.4062043356595,436.9919907732864,438.4062043356595,438.4062043356595,438.4062043356595,438.4062043356595,438.4062043356595,438.4062043356595,439.8204178980326,438.4062043356595,439.8204178980326,441.2346314604057,441.2346314604057,441.2346314604057,441.2346314604057,441.2346314604057,441.94173824159225,442.6488450227788,442.6488450227788,442.6488450227788,443.35595180396535,442.6488450227788,444.06305858515185,444.7701653663384,444.7701653663384,445.47727214752496,445.47727214752496,445.47727214752496,445.47727214752496,445.47727214752496,445.47727214752496,445.47727214752496,446.89148570989806,446.89148570989806,446.89148570989806,446.89148570989806,446.89148570989806,446.89148570989806,446.89148570989806,447.5985924910846,448.30569927227117,448.30569927227117,448.30569927227117,448.30569927227117,449.0128060534577,449.0128060534577,449.7199128346443,449.7199128346443,449.7199128346443,449.7199128346443,448.30569927227117,449.0128060534577,449.0128060534577,449.7199128346443,449.7199128346443,449.7199128346443,449.7199128346443,449.7199128346443,449.7199128346443,448.30569927227117,447.5985924910846,-0.7071067811865532,-0.7071067811865532,0.7071067811865532,0.0,0.0,0.0,0.0,0.0,0.0,0.0,0.0,-1.4142135623731065,0.0,-1.4142135623731065,0.0,0.0,0.0,0.0,0.0,-0.7071067811865532,0.0,0.0,0.0,-0.7071067811865248,0.0,0.0,-0.7071067811865532,-0.7071067811865532,0.0,0.0,0.0,0.0,0.0,0.0,0.0,0.0,0.0,0.0,0.0,0.0,0.0,0.0,-0.7071067811865532,0.0,0.0,0.0,0.0,-0.7071067811865532,-0.7071067811865532,0.0,0.0,0.0,0.0,0.0,-0.7071067811865532,-0.7071067811865532,0.0,0.0,0.0,0.0,0.0,0.0,0.0,-0.7071067811865532
fotorresistencia_data.csv,448.30569927227117,448.30569927227117,449.7199128346443,448.30569927227117,448.30569927227117,450.4270196158308,451.1341263970173,451.1341263970173,451.1341263970173,451.1341263970173,485.78235867515815,470.9331162702407,835.8002153624993,1275.6206332605318,1385.9292911256332,1368.2516215959695,1345.6242045980002,1344.9170978168136,1359.7663402217308,1395.828786062245,1393.7074657186854,1403.606960655297,1373.2013690642755,1368.9587283771561,1357.6450198781713,1354.1094859722384,1353.402379191052,1349.1597385039327,1336.431816442575,1335.7247096613883,1332.896282536642,1329.3607486307094,1332.896282536642,1329.3607486307094,1330.0678554118958,1335.0176028802018,1335.7247096613883,1333.6033893178287,1327.9465350683363,1332.896282536642,1333.6033893178287,1315.9257197881652,1317.339933350538,1320.1683604752843,1322.2896808188439,1326.5323215059634,1335.7247096613883,1348.4526317227462,1409.2638149047893,1446.7404743076763,1448.1546878700494,1448.1546878700494,1445.3262607453032,1441.7907268393706,1438.9622997146244,1437.548086152251,1436.1338725898781,1428.3556979968262,1443.91204718293,1448.1546878700494,1443.2049404017434,1443.2049404017434,1444.6191539641168,1444.6191539641168,0.0,0.0,0.0,0.0,0.0,-0.7071067811865248,0.0,0.0,0.0,0.0,-34.648232278140824,-11.313708498984766,-193.74725804511405,-66.46803743153555,2.828427124746213,-0.7071067811865532,2.1213203435596597,0.0,0.7071067811865532,0.0,-4.949747468305873,6.363961030678865,1.4142135623731065,1.4142135623731065,0.0,0.7071067811865532,0.0,1.4142135623729928,1.4142135623731065,-0.7071067811865532,0.7071067811865532,-5.656854249492426,0.7071067811865532,0.0,-0.7071067811865532,-5.656854249492426,4.949747468305873,0.0,-1.4142135623731065,-0.7071067811865532,0.0,3.535533905932766,0.7071067811865532,-6.363961030678865,-2.8284271247460993,-7.071067811865419,-6.363961030678979,0.7071067811864395,-17.677669529663717,-1.4142135623731065,0.0,0.0,2.828427124746213,2.1213203435596597,0.7071067811865532,2.1213203435596597,0.7071067811865532,7.071067811865419,-4.242640687119319,0.0,3.535533905932766,-0.7071067811865532,-0.7071067811865532,-0.7071067811865532
fotorresistencia_data.csv,1444.6191539641168,1444.6191539641168,1442.497833620557,1445.3262607453032,1444.6191539641168,1434.719659027505,1438.2551929334377,1437.548086152251,1447.447581088863,1438.9622997146244,1434.719659027505,1441.083620058184,1436.8409793710646,1429.0628047780128,1427.6485912156395,1421.2846301849606,1417.749096279028,1441.7907268393706,1448.1546878700494,1434.0125522463186,1429.7699115591993,1421.991736966147,1417.749096279028,1415.6277759354682,1410.6780284671622,1260.0642840744276,918.5317087613253,979.3428919433684,978.6357851621818,1000.5560953789648,1011.8698038779496,1023.8906191581209,1032.3759005323595,1042.9825022501577,1033.7901140947324,1054.2962107491423,1111.5718600252528,1168.1404025201766,1162.4835482706842,1169.5546160825497,1169.5546160825497,1178.7470042379748,1188.6464991745866,1199.2531008923847,1202.081528017131,1202.7886347983176,1186.525178831027,1180.161217800348,1181.5754313627208,1182.9896449250941,1196.4246737676385,1192.8891398617056,1210.5668093913696,1212.6881297349291,1209.859702610183,1217.637877203235,1236.022653514085,1227.5373721398466,1200.6673144547578,861.256059485215,627.9108216936543,631.4463555995869,432.0422433049806,425.67828227430164,0.7071067811865532,-0.7071067811865532,-2.828427124746213,0.0,0.7071067811865532,2.121320343559546,-1.4142135623731065,0.7071067811865532,-0.7071067811865532,6.363961030678865,-4.949747468305759,1.4142135623731065,0.0,2.1213203435596597,2.1213203435596597,4.242640687119319,-4.949747468305873,-6.363961030678979,0.0,-4.242640687119206,2.828427124746213,0.7071067811865532,-0.7071067811865532,-2.828427124746213,2.1213203435596597,134.3502884254441,-44.54772721475251,-9.192388155425078,-1.4142135623731065,-3.5355339059327093,-3.5355339059327093,-1.4142135623731065,-5.656854249492312,-2.1213203435596597,7.071067811865419,-17.677669529663717,-29.69848480983501,-2.828427124746213,1.4142135623731065,-2.828427124746213,-5.656854249492426,4.949747468305759,-13.435028842544398,-2.828427124746213,0.0,2.1213203435596597,8.485281374238525,2.121320343559546,-0.7071067811865532,-4.949747468305759,-1.4142135623731065,-3.535533905932766,-4.242640687119206,2.1213203435596597,0.7071067811865532,-1.4142135623731065,5.656854249492312,-1.4142135623731065,28.284271247461902,79.19595949289334,93.33809511662429,-26.1629509039023,3.5355339059327378,0.0
fotorresistencia_data.csv,431.33513652379406,618.0113267570425,429.2138161802344,431.335136523794,432.04224330498056,429.9209229614209,429.2138161802344,428.50670939904785,430.6280297426075,430.6280297426075,361.3315651863258,421.4356415871823,433.45645686735367,434.1635636485402,434.1635636485402,435.5777772109133,436.9919907732864,436.9919907732864,436.9919907732864,438.4062043356595,438.4062043356595,439.8204178980326,441.2346314604057,437.6990975544729,437.6990975544729,434.1635636485402,431.335136523794,428.50670939904785,434.16356364854016,441.94173824159225,442.6488450227788,442.6488450227788,442.6488450227788,442.6488450227788,442.6488450227788,442.6488450227788,442.6488450227788,442.6488450227788,442.6488450227788,442.6488450227788,444.06305858515185,444.7701653663384,444.06305858515185,444.7701653663384,444.7701653663384,444.7701653663384,444.7701653663384,444.7701653663384,444.7701653663384,445.47727214752496,445.47727214752496,445.47727214752496,441.2346314604057,433.45645686735367,432.7493500861671,433.45645686735367,436.9919907732864,439.8204178980326,438.4062043356595,438.4062043356595,438.4062043356595,437.6990975544729,435.5777772109133,435.5777772109133,-2.8284271247461845,-33.94112549695427,-0.7071067811865248,0.0,0.7071067811865532,0.0,0.7071067811865248,0.0,-2.1213203435596313,2.1213203435596313,-4.949747468305816,-5.6568542494923975,-0.7071067811865532,0.0,-1.4142135623731065,0.0,0.0,0.0,0.0,0.0,0.0,-1.4142135623731065,0.0,0.7071067811865532,0.7071067811865532,1.4142135623731065,1.4142135623731065,0.0,-2.8284271247461845,-0.7071067811865532,0.0,0.0,0.0,0.0,0.0,0.0,0.0,0.0,0.0,0.0,0.0,-0.7071067811865532,0.0,-0.7071067811865532,0.7071067811865532,0.7071067811865532,0.7071067811865532,-0.7071067811865532,0.7071067811865532,0.0,0.0,0.0,2.8284271247461845,0.7071067811865532,0.0,-0.7071067811865532,-1.414213562373078,-1.4142135623731065,0.0,0.0,0.0,0.7071067811865532,0.0,0.0
fotorresistencia_data.csv,437.6990975544729,439.8204178980326,442.6488450227788,442.6488450227788,443.35595180396535,443.35595180396535,442.6488450227788,441.2346314604057,438.4062043356595,438.4062043356595,438.4062043356595,438.4062043356595,438.4062043356595,441.2346314604057,439.8204178980326,452.54833995939043,567.8067452927977,689.4291116568838,549.4219689819474,535.986940139403,849.2352442050437,1132.0779566796627,1277.034846822905,1263.5998179803605,1280.5703807288378,1264.3069247615472,1250.8718959190028,1240.2652942012044,1210.5668093913694,1163.8977618330573,1151.1698397716996,1186.525178831027,1195.0104602052652,1178.0398974567884,1150.462732990513,1157.5338008023784,1069.8525599352465,1088.9444430272833,1089.6515498084698,1030.2545801887998,995.606347910659,1092.479976933216,1238.8510806388313,1281.9845942912107,1289.7627688842626,1376.0297961890215,1342.0886706920674,1347.7455249415598,1314.511506225792,1327.2394282871496,1377.4440097513948,1410.6780284671622,1405.7282809988565,1374.6155826266486,1325.8252147247767,1364.0089809088504,1354.816592753425,1354.816592753425,1409.970921685976,1413.5064555919084,1412.799348810722,1403.606960655297,1390.8790385939392,1378.8582233137677,-0.7071067811865532,-1.4142135623731065,0.0,0.0,-0.7071067811865248,0.7071067811865248,0.0,0.0,0.0,0.0,0.0,0.0,0.0,0.0,1.4142135623731065,-9.89949493661166,-89.80256121069155,27.57716446627535,38.890872965260144,-25.45584412271569,-106.77312395916869,-89.80256121069158,-2.828427124746213,-4.949747468305759,0.7071067811865532,8.485281374238525,-2.1213203435596597,0.0,-2.828427124746213,2.828427124746213,-14.142135623730951,-8.485281374238525,14.142135623730951,-1.4142135623729928,7.778174593051972,7.778174593051972,-12.020815280171291,7.071067811865419,17.677669529663717,7.778174593051972,-26.870057685088796,16.26345596729061,-31.112698372208115,12.020815280171291,-36.76955262170043,-22.62741699796959,5.656854249492426,4.242640687119206,-6.363961030678865,-0.7071067811865532,-24.041630560342696,2.1213203435596597,4.242640687119206,16.970562748477164,-38.89087296526009,-10.606601717798299,8.485281374238525,8.485281374238525,-8.485281374238525,3.535533905932766,0.0,16.26345596729061,-6.363961030678979,-7.071067811865419
fotorresistencia_data.csv,1361.8876605652906,1325.11810794359,1318.0470401317248,1313.097292663419,1308.1475451951128,1325.8252147247767,1341.3815639108807,1339.2602435673211,1326.5323215059632,1327.2394282871496,1339.2602435673211,1335.0176028802018,1310.9759723198592,1308.8546519762995,1304.6120112891804,1313.8043994446055,1308.147545195113,1309.5617587574861,1297.5409434773146,1315.2186130069786,1339.9673503485078,1378.1511165325812,1413.5064555919084,1406.4353877800431,1407.849601342416,1430.4770183403857,1446.7404743076763,1448.1546878700494,1447.447581088863,1440.3765132769972,1446.0333675264897,1448.1546878700494,1448.1546878700494,1448.1546878700494,1448.1546878700494,1448.1546878700494,1448.1546878700494,1425.52727087208,1339.9673503485078,1347.038418160373,1361.8876605652906,1356.2308063157982,1361.1805537841042,1363.3018741276637,1376.7369029702081,1391.5861453751256,1394.4145724998718,1394.4145724998718,1394.4145724998718,1394.4145724998718,1397.242999624618,1399.3643199681778,1403.606960655297,1405.7282809988565,1403.606960655297,1275.620633260532,529.6229791087242,427.09249583667474,451.8412331782039,432.04224330498056,428.50670939904785,429.2138161802344,430.62802974260745,432.7493500861671,1.4142135623731065,1.4142135623731065,-2.8284271247460993,6.363961030678979,12.727922061357845,-6.363961030678865,0.7071067811865532,7.071067811865532,2.828427124746213,-2.1213203435596597,-4.242640687119319,1.4142135623731065,1.4142135623731065,-0.7071067811865532,2.1213203435596597,-1.4142135623731065,1.4142135623731065,1.4142135623731065,2.1213203435596597,-1.4142135623731065,3.535533905932766,-14.849242404917504,-2.1213203435596597,4.949747468305759,-2.1213203435596597,-7.778174593051972,0.0,0.0,0.7071067811865532,-2.1213203435596597,-2.1213203435596597,0.0,0.0,0.0,0.0,0.0,0.0,22.627416997969476,6.363961030678979,-3.5355339059326525,0.0,-2.828427124746213,0.7071067811865532,-4.242640687119319,-2.121320343559546,-2.828427124746213,0.0,1.4142135623731065,0.0,-1.4142135623731065,1.4142135623731065,-3.535533905932766,0.7071067811865532,0.0,2.121320343559546,125.86500705120545,101.11626970967632,0.0,2.1213203435596313,0.7071067811865532,0.0,-0.7071067811865248,-0.7071067811865532,0.0
fotorresistencia_data.csv,432.7493500861671,432.7493500861671,432.7493500861671,433.45645686735367,433.45645686735367,434.1635636485402,434.1635636485402,434.1635636485402,434.1635636485402,434.1635636485402,434.1635636485402,434.1635636485402,439.11331111684603,642.0529573173852,1256.528750168495,1409.970921685976,1434.0125522463184,1438.9622997146244,1420.5775234037742,1412.0922420295356,1406.4353877800431,1396.5358928434316,1402.192747092924,1391.5861453751256,1386.6363979068196,1386.6363979068196,1380.9795436573274,1388.050611469193,1392.293252156312,1387.3435046880063,1373.908475845462,1364.0089809088504,1358.352126659358,1356.2308063157982,1354.1094859722384,1345.6242045980002,1332.896282536642,1317.339933350538,1315.2186130069786,1310.9759723198592,1307.4404384139266,1299.6622638208744,1257.2358569496814,1261.478497636801,1239.558187420018,1240.2652942012044,1233.9013331705255,1266.4282451051067,1303.197797726807,1328.653641849523,1220.466304327981,1233.1942263893388,1240.9724009823908,1252.2861094813757,1347.7455249415598,1424.1130573097068,1405.7282809988565,1394.4145724998718,1393.7074657186854,1381.6866504385139,1388.7577182503794,1364.7160876900368,1413.5064555919084,1421.991736966147,0.0,0.0,0.0,-0.7071067811865532,-0.7071067811865532,0.0,0.0,0.0,0.0,0.0,0.0,0.0,3.5355339059327378,-207.88939366884497,-67.17514421272199,-16.970562748477164,0.0,0.7071067811865532,0.7071067811865532,-0.7071067811865532,3.5355339059326525,0.7071067811865532,-0.7071067811865532,2.828427124746213,-2.1213203435596597,4.949747468305873,4.949747468305759,-4.949747468305873,0.7071067811865532,4.242640687119319,2.1213203435596597,2.1213203435596597,0.7071067811865532,-1.4142135623731065,3.535533905932766,-0.7071067811865532,2.1213203435596597,2.1213203435596597,0.0,4.242640687119319,0.7071067811865532,0.0,-7.071067811865419,29.69848480983501,-6.363961030678865,1.4142135623731065,-2.121320343559546,-3.5355339059326525,-10.606601717798299,21.920310216782923,-1.4142135623731065,5.656854249492312,-4.949747468305873,-24.748737341529136,-36.76955262170043,-7.071067811865532,14.142135623730951,-1.4142135623731065,-0.7071067811865532,4.242640687119319,2.828427124746213,-11.313708498984852,-2.1213203435596597,0.7071067811865532
fotorresistencia_data.csv,1419.8704166225875,1406.4353877800431,1407.1424945612296,1404.3140674364836,1351.9881656286789,1403.606960655297,1396.5358928434316,1419.1633098414009,1424.8201640908933,1397.242999624618,1409.2638149047893,1410.6780284671622,893.7829714197962,434.8706704297268,429.2138161802344,522.5519112968586,1007.6271631908303,1130.6637431172894,1105.207898994574,1117.9358210559317,1115.8145007123721,1115.1073939311855,1108.0363261193202,1109.450539681693,1096.7226176203353,1096.0155108391486,999.8489885977783,866.9129137347072,870.4484476406401,869.034234078267,871.8626612030132,885.2976900455576,889.5403307326768,893.7829714197961,885.2976900455576,890.2474375138634,898.0256121069153,912.8748545118328,919.9459223236984,921.3601358860715,922.067242667258,929.1383104791236,935.5022715098024,943.987552884041,955.3012613830258,968.7362902255702,972.9789309126895,977.9286783809953,979.3428919433684,980.7571055057415,994.8992411294724,1006.2129496284572,1009.74848353439,1009.0413767532034,951.765727477093,758.0184694319789,703.5712472806149,676.7011895955261,685.8935777509512,707.1067811865476,721.2489168102785,731.1484117468901,734.6839456528229,738.9265863399422,1.4142135623731065,-2.121320343559546,1.4142135623731065,-1.4142135623729928,33.941125496954214,-14.849242404917504,-24.748737341529136,-0.7071067811865532,6.363961030678979,0.0,-3.535533905932766,2.1213203435596597,164.04877323527904,6.363961030678922,-0.7071067811865248,-89.80256121069155,-44.54772721475251,6.363961030678979,0.7071067811865532,-7.778174593051972,4.242640687119319,0.7071067811865532,0.7071067811865532,0.7071067811865532,2.1213203435596597,1.4142135623731065,70.7106781186547,7.0710678118654755,-0.7071067811865532,0.7071067811865532,-3.5355339059327093,-2.828427124746156,0.0,0.0,0.0,0.7071067811865532,-4.242640687119263,-3.5355339059327093,-0.7071067811865532,-0.7071067811865532,-1.4142135623731065,0.0,-4.949747468305873,-0.7071067811864964,-4.949747468305816,-1.4142135623731065,-2.828427124746156,0.7071067811865532,-0.7071067811865532,-0.7071067811865532,-3.535533905932766,-0.7071067811865532,0.0,-0.7071067811865532,55.1543289325507,33.94112549695427,2.121320343559603,3.5355339059327093,-2.828427124746156,-9.899494936611632,1.4142135623731065,-1.4142135623730496,-2.1213203435596597,-2.1213203435596597
sensorProximidad_data.csv,15.421998897678602,15.372501422995544,14.905810947412423,5.1123820279787395,4.652762620207483,2.82842712474619,2.842569260369921,2.82842712474619,2.82842712474619,2.8142849891224593,2.8142849891224593,2.82842712474619,2.8142849891224593,2.8142849891224593,2.82842712474619,2.82842712474619,2.82842712474619,2.8142849891224593,2.8142849891224593,2.8142849891224593,2.8142849891224593,2.82842712474619,2.8142849891224593,2.82842712474619,3.7405948724768363,2.8142849891224593,6.703372285648472,8.3155757467538,8.301433611130069,8.3155757467538,8.3155757467538,8.3155757467538,6.936717523440032,3.71938166904124,3.733523804664971,17.720095936534882,55.281608153164285,28.47519007838227,1137.1974097754533,1137.2751915213837,10.373256480006653,573.6686605088341,7.403407999023154,6.943788591251898,6.943788591251898,6.943788591251898,6.9367175234400325,6.9367175234400325,6.9367175234400325,6.929646455628166,6.943788591251898,6.943788591251898,6.929646455628166,6.943788591251898,6.929646455628166,6.9367175234400325,6.9367175234400325,6.929646455628166,6.943788591251898,6.9367175234400325,6.929646455628166,6.943788591251898,6.943788591251898,6.9367175234400325,0.06363961030678933,-0.014142135623732344,0.4808326112068535,2.29809703885628,0.014142135623730567,-0.01414213562373079,0.0,-0.01414213562373079,-0.01414213562373079,0.0,0.0,-0.01414213562373079,0.0,0.0,-0.01414213562373079,0.01414213562373079,-0.01414213562373079,0.0,0.0,0.0,0.0,0.01414213562373079,0.0,0.01414213562373079,-0.8980256121069157,0.0,-1.5839191898578666,0.0,-0.014142135623730567,0.0,0.0,0.0,1.3788582233137676,0.0,0.014142135623731011,-10.776307345282984,25.908392462675096,0.898025612106915,-0.07071067811853027,0.03535533905937882,-1.1384419177103418,563.5287492666191,0.45961940777125543,0.0,0.0,0.0,0.007071067811865728,-0.007071067811865728,0.007071067811865728,0.0,0.0,0.0,0.0,0.0,0.0,0.007071067811865728,0.007071067811865728,0.0,0.0,-0.007071067811865728,0.0,0.0,0.0,0.007071067811865728
sensorProximidad_data.csv,6.929646455628166,6.9367175234400325,6.943788591251898,6.9367175234400325,6.943788591251898,573.0039801345188,586.4460800448751,585.9440342302327,584.8763029906409,33.693638123538996,28.786317062104352,42.05871134497585,22.627416997969522,23.299168440096743,23.299168440096743,24.656813459974913,14.651252506185266,14.665394641808994,14.665394641808998,15.372501422995544,15.358359287371812,15.598775592975239,15.89576044107359,15.839191898578665,15.16036938863958,15.867476169826126,18.017080784633233,21.89909701334738,22.37992962455423,22.14658438676267,22.59913272672206,22.09708691207961,18.766613972690973,21.389980130893065,12.961267299149418,19.954553365084372,23.28502630447301,26.452864684188746,43.41635636485402,49.744962056473625,24.437610357807085,27.59130660189909,30.2924545060317,30.2924545060317,30.2924545060317,30.2924545060317,30.2924545060317,30.2924545060317,30.2924545060317,25.738686835190332,21.156634893101504,20.223253941935262,21.892025945535515,30.2924545060317,30.2924545060317,30.2924545060317,30.2924545060317,30.2924545060317,30.2924545060317,30.2924545060317,30.2924545060317,30.2924545060317,30.2924545060317,30.2924545060317,0.0,-0.007071067811865728,0.0,-0.007071067811865728,0.0,-564.2358560478056,550.6947611880832,-551.4230811727053,-552.3918174629309,-2.0576807332528535,5.734635995422899,19.45957861825379,0.0,-0.6717514421272188,-0.6717514421272188,0.6858935777509529,0.707106781186547,-0.24041630560342586,0.7212489168102794,-0.014142135623732344,0.0,-0.24041630560342675,0.0,0.0,-0.7353910524340099,-0.028284271247462023,-3.6203867196751247,-0.2616295090390217,0.21920310216783,0.0,0.0,1.873832970144349,-0.4949747468305823,-2.128391411371508,-0.9828784258493002,-1.6829141392239837,0.6858935777509494,-1.576848122046,-13.12390185882232,0.9121677477306456,0.9050966799187812,2.2485995641732224,0.0,0.0,0.0,0.0,0.0,0.0,0.0,4.553767670841367,-0.4808326112068535,0.0,0.7071067811865479,0.0,0.0,0.0,0.0,0.0,0.0,0.0,0.0,0.0,0.0,0.0
sensorProximidad_data.csv,30.2924545060317,29.62070306390448,11.06622112556947,10.139911242215092,10.154053377838824,10.139911242215092,10.139911242215092,10.139911242215092,10.139911242215092,10.139911242215092,10.139911242215092,10.139911242215092,11.285424227737298,11.745043635508555,32.11679000149299,27.1175450585041,28.468119010570405,28.482261146194134,28.496403281817866,28.482261146194134,28.482261146194134,44.33559518039653,48.832794308742976,48.634804410010744,48.2741799516056,48.64187547782261,49.561114293365115,49.56818536117698,49.561114293365115,47.71556559446823,48.634804410010744,40.81420341008753,50.64298766858053,50.76319582138225,49.55404322555325,49.55404322555325,49.561114293365115,49.55404322555325,49.55404322555325,49.55404322555325,49.55404322555325,49.561114293365115,49.525758954305786,49.55404322555325,49.561114293365115,49.561114293365115,49.55404322555325,49.009571004039614,48.98835780060402,49.561114293365115,49.55404322555325,49.561114293365115,49.56818536117698,49.561114293365115,49.55404322555325,49.561114293365115,49.55404322555325,49.561114293365115,49.561114293365115,49.55404322555325,49.55404322555325,49.55404322555325,49.55404322555325,49.55404322555325,0.0,-0.6717514421272224,0.9263098833543779,0.0,-0.014142135623731455,0.0,0.0,0.0,0.0,0.0,0.0,0.0,-0.2262741699796953,-0.23334523779156147,-19.16259377015544,-0.9121677477306456,0.0,0.014142135623730567,0.0,0.014142135623730567,0.014142135623730567,-4.46891485709898,0.0,-0.91923881554251,0.5586143571373725,-0.9263098833543744,0.0070710678118643955,0.0,-0.0070710678118643955,0.0,-0.91923881554251,8.739839815465725,0.014142135623732344,-1.2091525958289964,0.0,0.0,0.0070710678118643955,0.0,0.0,0.0,0.0,0.0070710678118643955,-0.028284271247461135,0.0,0.0070710678118643955,0.0070710678118643955,0.0,0.5444722215136366,-0.5656854249492334,0.0070710678118643955,0.0,-0.0070710678118643955,0.0,0.0070710678118643955,0.0,0.0070710678118643955,0.0,0.0070710678118643955,-0.0070710678118643955,0.0,0.0,0.0,0.0,0.0
sensorProximidad_data.csv,49.55404322555325,49.55404322555325,49.56818536117698,49.561114293365115,49.56818536117698,49.525758954305786,49.19341876714812,35.71596351773252,11.285424227737298,10.599530649986349,11.525840533340727,11.525840533340727,11.511698397716994,11.539982668964457,11.525840533340727,11.511698397716994,11.511698397716994,11.511698397716994,11.511698397716994,11.511698397716994,11.539982668964457,11.525840533340727,11.525840533340727,11.511698397716994,11.511698397716994,11.511698397716994,11.525840533340727,11.525840533340727,11.525840533340727,11.525840533340727,11.525840533340727,11.511698397716994,11.511698397716994,11.511698397716994,12.727922061357855,25.75990003862593,28.948951621777255,28.948951621777255,28.920667350529794,28.920667350529794,28.920667350529794,28.934809486153526,28.920667350529794,28.934809486153526,28.934809486153526,28.948951621777255,28.948951621777255,23.249670965413685,42.81531560084545,43.3597878223591,43.3597878223591,52.608744520279146,24.02748842471889,24.748737341529168,33.835059479776305,39.95153313703994,32.88753639298633,20.025264043203027,41.896076785302945,38.29690326906342,52.948155775248686,52.608744520279146,53.25928275897077,49.363124394632884,0.0,0.0,0.0,0.0070710678118643955,0.0,0.028284271247461135,0.36062445840513746,13.088546519762994,-0.2262741699796953,0.9121677477306465,-0.014142135623731455,0.014142135623731455,0.0,0.0,-0.014142135623731455,0.0,0.0,0.0,0.0,0.0,0.0,0.014142135623731455,0.014142135623731455,0.0,0.0,0.0,-0.014142135623731455,-0.014142135623731455,0.014142135623731455,0.014142135623731455,-0.014142135623731455,0.0,0.0,0.0,-1.2162236636408617,-3.160767311903866,0.0,0.0,0.0,0.0,0.0,0.014142135623730567,0.0,-0.014142135623730567,-0.014142135623730567,0.0,0.0,2.093036072312181,-9.114606409494598,9.248956697920043,9.248956697920043,0.0,10.08334269972017,-9.362093782909891,-19.410081143570732,13.293607486307094,-0.8131727983645263,7.551900423072328,-10.712667734976199,14.325983386839457,-0.32526911934581193,0.0,-0.014142135623732344,3.88201622871415
sensorProximidad_data.csv,36.47963884141399,43.791122958882895,52.61581558809101,34.74015615969508,33.59464317417287,53.245140623347034,38.770664812458406,13.633018741276636,58.15246168478167,59.948512908995504,50.57934805827375,13.173399333505381,35.29169944902059,57.183725394556106,42.40519366775726,25.94374780173443,63.25070157713668,42.77996026178613,36.797836892947934,59.66567019652088,22.153655454574533,23.31331057572047,47.77213413696315,5.338656197958434,47.241804051073245,37.603938623500596,11.914749262993325,33.2835161904508,62.76986896592983,47.255946186696974,10.86116015902537,33.21280551233214,46.40741804927312,54.2350901170082,11.82989644925094,16.617009357883866,50.04194690457197,51.70364784036036,38.47367996436006,608.5360958891429,45.113412639701735,43.32443248329977,51.79557172191461,56.43419220649836,12.119810229537427,7.403407999023153,39.781827509555164,48.260037815981875,37.43423299601583,16.617009357883866,31.148053711267423,38.80602015151773,46.06093572649171,26.44579361637688,7.629682169002848,18.49084232802822,35.34119692370365,43.487067042972676,44.94370701221696,47.69435239103264,50.65712980420427,48.81865217311925,30.002540725745213,6.7175144212722016,16.765501781933043,-8.831763697019984,-0.0070710678118643955,17.88273049620779,-19.650497449174157,0.0,14.799744930234443,-10.337901140947324,-4.256782822743016,2.460731598529186,6.922575387816298,10.359114344382922,-20.86672111281502,0.318198051533944,18.872679989868953,-11.037936854322009,0.28991378028648285,20.18082753506407,-26.19123517514972,-2.1637467504308354,0.47376154339498733,0.6858935777509512,-25.144717138993634,-2.9769195487953652,4.688117959266808,6.3922453019263905,5.423509011700819,-21.29098518152695,-17.260476528763633,32.350135239284555,-2.093036072312181,-7.870098474606273,1.6475588001646564,0.3394112549695443,2.5950818869546293,-6.0104076400856545,1.6192745289171917,-2.870853531617385,15.421998897678602,528.9158723275375,25.37099130897333,-11.250068888677973,-0.8273149339882622,28.404479400263618,4.709331162702407,-3.6840263299819123,-15.78262335608374,-2.029396462005394,6.22253967444162,7.353910524340093,-21.460690809011723,-6.321534623807736,4.228498551495559,2.9274220741123074,1.1384419177103418,-5.027529214236353,-3.7052395334175063,-0.1697056274847739,0.1838477631085027,-1.4637110370561537,0.0,1.8384776310850235,7.403407999023152,1.145512985522207
sensorProximidad_data.csv,12.87641448540703,28.270129111838173,40.764705935404464,49.744962056473625,51.47030260256879,42.822386668657316,24.66388452778678,67.0973624667915,33.92698336133056,42.95673695708277,26.686209921980304,43.465853839537075,44.75985924910846,44.75985924910846,45.89123009900694,45.89123009900694,45.89123009900694,45.87001689557134,45.87001689557134,37.02411106292763,37.229172029471734,37.10896387667002,25.766971106437794,36.5786337907801,37.405948724768365,37.405948724768365,37.405948724768365,37.405948724768365,37.391806589144636,37.405948724768365,38.622172388409226,38.63631452403296,37.405948724768365,37.405948724768365,37.405948724768365,37.405948724768365,36.79076582513606,37.405948724768365,36.783694757324206,44.37095051945586,50.2823632101754,46.075077862115435,32.18042961179978,26.481148955436208,39.08886286399235,53.09664819929786,61.04452841983465,60.415203384578625,56.86552734302216,72.70471924160083,80.70916800463255,60.44348765582609,60.415203384578625,58.951492347522475,57.820121497623994,54.715922728215055,39.9586042048518,41.90314785311481,9.920708140047262,21.01521353686419,52.29054646874519,35.800816331474905,8.336788950189396,5.5720014357499945,-6.385174234114524,-3.3941125496954285,-2.5385133444597052,-0.9121677477306456,-0.8131727983645298,3.7759502115361663,2.5031580054003797,36.8049079607598,0.6222539674441627,-9.652007563196378,-4.058792924010781,-2.382949852598667,0.0,0.0,0.0,0.0,0.0,-0.02121320343559674,-0.02121320343559674,6.279108216936544,-16.044252865122765,-22.683985540464448,-3.6062445840513924,-2.0576807332528553,0.0,0.0,0.0,0.0,-0.014142135623728791,0.0,0.014142135623732344,0.0,0.0,0.028284271247461135,0.0,0.0,0.6151828996322983,0.0,0.6222539674441592,-4.094148263070114,0.007071067811871501,3.4931074990615443,2.34052344572747,-0.6858935777509529,-4.567909806465099,-1.477853172679886,-2.2132442251138897,0.0,0.0,-9.715647173503164,0.8909545442950559,0.0,0.0,1.4637110370561537,-0.31819805153394753,0.8202438661763978,11.009652583074548,37.71707570849045,-0.6858935777509512,-6.109402589451771,-0.3181980515339511,8.223651865199546,4.136574669941304,0.0
sensorProximidad_data.csv,5.564930367938129,5.5720014357499945,5.557859300126264,5.557859300126264,5.564930367938129,5.5720014357499945,5.5720014357499945,5.5720014357499945,5.5720014357499945,5.5720014357499945,5.564930367938129,5.5720014357499945,5.5720014357499945,6.031620843521251,40.07881235765351,12.600642840744278,6.484169183480642,12.742064196981588,6.257895013500946,18.27163922586039,50.45206883766017,43.30321927986417,42.55368609180643,42.58197036305389,42.92138161802343,42.92138161802343,42.9072394823997,42.92138161802343,43.28200607642857,43.28200607642857,42.9072394823997,46.42156018489685,35.55332895805961,4.879036790187179,3.9739401102683978,16.836212460051698,32.024866119938736,43.82647829794222,48.44388557909038,48.083261120685236,48.083261120685236,48.083261120685236,47.33372793262749,47.347870068251225,47.33372793262749,47.347870068251225,47.33372793262749,46.633692219252815,46.598336880193486,46.61955008362908,46.64076328706467,46.598336880193486,46.61955008362908,46.64076328706467,46.598336880193486,46.598336880193486,46.2659966930358,45.127554775325464,52.61581558809101,40.41822361262306,23.072894270117047,22.627416997969522,22.85369116794922,23.306239507908607,0.007071067811865284,0.0,0.0,0.0,-0.007071067811865284,0.0,0.0,0.0,0.0,0.0,-0.007071067811865284,0.0,0.0,0.9121677477306465,16.10789247542955,5.1901637739092585,-0.9263098833543775,1.6829141392239828,-0.6858935777509516,-4.808326112068524,-0.516187950266179,0.0,0.0,0.0,0.014142135623732344,0.014142135623732344,0.0,-0.014142135623732344,-0.37476659402887336,0.37476659402887336,0.0,-2.7647875144394014,1.0323759005323616,0.6788225099390854,0.22627416997969552,-6.696301217836606,-1.2798632739476528,-1.6546298679765172,-0.36062445840513746,0.0,0.0,0.0,0.0,0.014142135623735896,0.0,0.014142135623735896,0.0,-0.3747665940288698,0.0,-0.021213203435593186,0.0,0.0,-0.021213203435593186,0.0,0.0,0.0,0.37476659402886625,0.721248916810282,0.0070710678118643955,16.4473037303991,0.4454772721475244,0.0,-0.22627416997969618,-0.2262741699796944
sensorProximidad_data.csv,23.532513677888304,23.52544261007644,23.75171678005613,55.56445086563892,48.458027714714106,48.0903321884971,47.71556559446823,47.71556559446823,47.69435239103264,47.71556559446823,48.2741799516056,48.832794308742976,46.987245609846084,56.412979003062766,5.338656197958434,11.200571413994913,29.726769081082463,42.518330752747104,50.642987668580545,48.1327585953683,570.6775988244151,13.81686650438514,53.11786140273345,62.395102371900954,57.183725394556106,56.86552734302216,78.71512688168647,65.66900676879467,64.5376359188962,71.81376469730577,60.415203384578625,71.21272393329721,79.7333606465951,79.02625386540856,70.23691657525978,70.434906473992,79.11110667915094,69.21868281035114,59.08584263594791,51.97234841721124,52.60874452027914,50.642987668580545,50.303576413611,50.28943427798727,50.303576413611,50.317718549234726,49.94295195520586,50.317718549234726,50.28943427798727,50.47328204109577,38.303974336875285,21.637467504308354,21.39705119870493,34.13911539568652,50.09144437925504,51.64000823005357,50.98239892355008,50.98239892355008,50.98239892355008,50.98239892355008,50.98239892355008,46.59126581238162,45.33261574186956,45.481108165918734,0.0,0.007071067811866172,-0.21920310216782823,7.14177848998413,0.3747665940288698,0.37476659402887336,0.0,0.0,0.02121320343559674,0.0,-0.5586143571373725,0.0,1.4778531726798896,-18.186786412118003,1.1525840533340723,-6.10940258945177,-4.384062043356597,-2.2415284963613544,0.35355339059327306,-4.475985924910848,566.9299328841264,-6.406387437550121,-1.1455129855222062,-4.242640687119284,-0.318198051533944,0.0,1.7111984104714395,3.839589821842953,4.09414826307011,-11.39856131272715,0.0,-10.797520548718584,0.11313708498984454,0.7919595949289331,9.793428919433687,9.991418818165911,0.9050966799187847,3.96686904245653,2.2203152929257577,0.0,-0.32526911934581193,0.35355339059327306,-0.014142135623728791,0.0,-0.014142135623728791,0.0,0.37476659402887336,0.0,0.0,-0.18384776310849915,4.999244942988891,1.8950461735799475,-1.202081528017132,-6.561950929411161,-0.9050966799187812,0.02121320343559674,0.014142135623732344,0.014142135623732344,-0.014142135623732344,-0.014142135623732344,0.014142135623732344,2.56679761570717,0.9263098833543815,0.0
sensorProximidad_data.csv,47.33372793262749,49.32069798776169,43.84769150137781,22.889046507008544,10.387398615630383,34.54923732877471,45.5093924371662,45.5093924371662,45.5093924371662,45.5093924371662,45.5093924371662,45.5093924371662,45.49525030154247,45.5093924371662,45.5093924371662,45.49525030154247,45.5093924371662,45.5093924371662,46.40741804927311,46.42156018489685,45.87001689557134,46.42156018489685,46.23064135397648,46.24478348960021,46.258925625223945,45.49525030154247,28.270129111838173,17.56453244467384,10.854089091213506,26.60135710823792,41.04754864787908,45.49525030154247,47.33372793262749,45.5093924371662,45.5093924371662,46.42156018489685,46.23064135397648,46.24478348960021,46.24478348960021,46.258925625223945,46.81046891454945,46.42156018489685,45.49525030154247,45.49525030154247,45.5093924371662,45.49525030154247,45.5093924371662,45.5093924371662,45.5093924371662,45.481108165918734,45.481108165918734,46.40741804927311,45.88415903119507,45.88415903119507,47.347870068251225,45.5093924371662,46.987245609846084,37.00289785949204,24.197194052203656,31.084414100960633,43.65677267045744,45.5093924371662,42.730462787103065,37.405948724768365,0.0,-1.9869700551342007,1.6617009357883852,6.0316208435212495,0.7000357133746817,-6.929646455628163,0.0,0.0,0.0,0.0,0.0,0.0,-0.014142135623732344,0.0,0.0,0.014142135623732344,0.0,0.0,0.9263098833543779,-0.9121677477306456,-0.360624458405141,0.9121677477306456,0.0,0.014142135623732344,0.0,3.662813126546318,3.3941125496954285,3.620386719675124,1.1384419177103418,-5.897270555095806,-4.461843789287112,-0.014142135623732344,0.0,0.0,0.0,0.9121677477306456,0.0,0.014142135623732344,0.014142135623732344,0.0,-0.5515432893255081,0.9121677477306456,-0.014142135623732344,-0.014142135623732344,0.0,-0.014142135623732344,0.0,0.0,0.0,0.0,0.0,-0.9263098833543779,-0.37476659402887336,0.37476659402887336,0.014142135623735896,0.0,0.34648232278140867,3.6981684656056437,0.22627416997969618,-3.464823227814083,-1.8243354954612911,0.0,2.0293964620053906,-2.884995667241114
sensorProximidad_data.csv,27.803438636255052,23.985062017847696,22.13244225113894,22.57791952328646,22.13244225113894,18.28578136148412,29.54999238578582,53.82496818392,79.62022356160526,627.8754663545949,608.6633751097564,79.60608142598153,79.62022356160526,79.6131524937934,79.63436569722899,60.238426689281994,37.3988776569565,46.54176833769856,66.12155510875407,59.23433505999709,44.42044799413892,44.40630585851518,44.40630585851518,44.40630585851518,44.42044799413892,44.42044799413892,44.40630585851518,44.40630585851518,44.434590129762654,44.40630585851518,44.40630585851518,44.40630585851518,44.40630585851518,44.434590129762654,44.42044799413892,44.39216372289145,44.40630585851518,44.40630585851518,44.40630585851518,44.40630585851518,44.40630585851518,44.40630585851518,44.434590129762654,44.42044799413892,44.40630585851518,44.40630585851518,25.095219664310573,21.170777028725233,19.982837636331837,22.620345930157658,23.306239507908607,28.057997077482206,24.1689097809562,22.37992962455423,25.356849173349595,27.36503243191939,22.839549032325486,21.920310216782973,22.1607265223864,20.930360723121808,19.509076092936848,20.47074131535055,18.059507191504427,13.208754672564709,4.270924958366749,-1.3576450198781718,0.4949747468305823,-1.3930003589374973,0.9475230867899747,0.9758073580374358,-3.7547370081005678,-25.79525537768526,0.0,509.9441973883024,529.0572936837749,0.0,0.0,0.0070710678118643955,0.014142135623728791,20.37174636598444,-2.8779245994292495,-5.4305800795126835,-13.498668452851192,11.518769465528862,-0.014142135623735896,0.0,0.0,0.0,0.014142135623735896,0.014142135623735896,0.0,0.0,0.0,0.0,0.0,0.0,0.0,0.0,-0.014142135623735896,-0.014142135623728791,0.0,0.0,0.0,0.0,0.0,0.0,0.0,0.014142135623735896,0.0,0.0,2.9344931419241718,1.9091883092036799,0.24041630560342675,-0.45961940777125676,-0.2262741699796944,-0.43840620433565824,2.489015869776649,0.7000357133746835,-1.3576450198781718,-3.846660889654819,-0.678822509939085,-0.24041630560342675,0.0,0.7071067811865479,1.1950104602052676,-2.156675682618971,2.1637467504308363,2.149604614807104
sensorSonido_data.csv,854.1849916733495,854.1849916733495,854.892098454536,853.4778848921629,855.5992052357226,854.1849916733495,856.3063120169091,851.3565645486033,855.5992052357226,855.5992052357226,854.892098454536,855.5992052357226,854.1849916733495,854.892098454536,854.892098454536,853.4778848921629,852.7707781109764,854.1849916733495,854.1849916733495,854.1849916733495,855.5992052357226,854.892098454536,854.1849916733495,855.5992052357226,853.4778848921629,853.4778848921629,853.4778848921629,854.892098454536,856.3063120169091,854.892098454536,853.4778848921629,853.4778848921629,854.892098454536,854.892098454536,852.0636713297898,855.5992052357226,855.5992052357226,852.7707781109764,854.1849916733495,854.892098454536,853.4778848921629,855.5992052357226,852.0636713297898,852.7707781109764,856.3063120169091,853.4778848921629,854.892098454536,854.892098454536,854.892098454536,854.892098454536,855.5992052357226,854.1849916733495,854.892098454536,854.1849916733495,854.892098454536,854.1849916733495,854.892098454536,852.7707781109764,855.5992052357226,853.4778848921629,852.0636713297898,854.1849916733495,855.5992052357226,854.1849916733495,0.0,1.4142135623731065,-0.7071067811865532,-0.7071067811865532,0.0,0.0,-2.1213203435596597,1.4142135623731065,0.0,0.0,-0.7071067811865532,0.0,1.4142135623731065,0.7071067811865532,0.7071067811865532,0.7071067811865532,1.4142135623731065,0.0,1.4142135623731065,0.0,-1.4142135623731065,-0.7071067811865532,0.0,0.0,0.7071067811865532,0.7071067811865532,0.7071067811865532,0.7071067811865532,-2.1213203435596597,-0.7071067811865532,0.7071067811865532,-0.7071067811865532,0.7071067811865532,0.7071067811865532,2.1213203435596597,1.4142135623731065,-1.4142135623731065,0.0,0.0,0.7071067811865532,-2.1213203435596597,0.0,-0.7071067811865532,0.0,0.7071067811865532,-2.1213203435596597,-0.7071067811865532,-2.1213203435596597,0.7071067811865532,-0.7071067811865532,0.0,-1.4142135623731065,0.7071067811865532,0.0,0.7071067811865532,1.4142135623731065,0.7071067811865532,1.4142135623731065,0.0,0.7071067811865532,2.1213203435596597,0.0,0.0,0.0
sensorSonido_data.csv,854.1849916733495,854.892098454536,855.5992052357226,855.5992052357226,854.892098454536,854.1849916733495,854.892098454536,855.5992052357226,853.4778848921629,852.7707781109764,854.892098454536,854.1849916733495,854.1849916733495,855.5992052357226,854.892098454536,854.1849916733495,852.0636713297898,852.7707781109764,853.4778848921629,855.5992052357226,854.892098454536,853.4778848921629,854.1849916733495,854.892098454536,854.892098454536,851.3565645486033,854.1849916733495,854.1849916733495,854.892098454536,852.7707781109764,856.3063120169091,852.7707781109764,856.3063120169091,855.5992052357226,854.1849916733495,854.892098454536,856.3063120169091,849.9423509862302,853.4778848921629,855.5992052357226,852.7707781109764,855.5992052357226,855.5992052357226,852.7707781109764,853.4778848921629,855.5992052357226,852.7707781109764,855.5992052357226,852.7707781109764,855.5992052357226,852.0636713297898,855.5992052357226,854.892098454536,854.892098454536,855.5992052357226,854.892098454536,853.4778848921629,854.1849916733495,854.1849916733495,854.892098454536,856.3063120169091,855.5992052357226,854.892098454536,854.892098454536,0.0,-0.7071067811865532,0.0,0.0,0.7071067811865532,-1.4142135623731065,-0.7071067811865532,0.0,-0.7071067811865532,1.4142135623731065,-0.7071067811865532,0.0,0.0,0.0,0.7071067811865532,0.0,-0.7071067811865532,-1.4142135623731065,-2.1213203435596597,0.0,0.7071067811865532,0.7071067811865532,-1.4142135623731065,-0.7071067811865532,-0.7071067811865532,-1.4142135623731065,0.0,0.0,-0.7071067811865532,0.0,-0.7071067811865532,1.4142135623731065,-0.7071067811865532,0.0,0.0,-0.7071067811865532,-0.7071067811865532,-1.4142135623731065,-0.7071067811865532,1.4142135623731065,-1.4142135623731065,0.0,0.0,1.4142135623731065,-2.1213203435596597,-1.4142135623731065,-1.4142135623731065,0.0,-2.828427124746213,0.0,2.1213203435596597,0.0,-0.7071067811865532,0.7071067811865532,4.242640687119263,0.7071067811865532,0.7071067811865532,0.0,0.0,-0.7071067811865532,2.1213203435596597,0.0,0.7071067811865532,0.7071067811865532
sensorSonido_data.csv,854.892098454536,852.0636713297898,855.5992052357226,851.3565645486033,854.1849916733495,854.892098454536,853.4778848921629,855.5992052357226,855.5992052357226,854.892098454536,853.4778848921629,851.3565645486033,852.7707781109764,854.1849916733495,854.892098454536,853.4778848921629,854.892098454536,853.4778848921629,855.5992052357226,854.1849916733495,854.1849916733495,854.892098454536,855.5992052357226,855.5992052357226,854.892098454536,854.892098454536,854.1849916733495,854.892098454536,854.892098454536,855.5992052357226,854.892098454536,852.7707781109764,854.1849916733495,854.1849916733495,854.1849916733495,854.892098454536,854.1849916733495,855.5992052357226,854.1849916733495,854.892098454536,855.5992052357226,854.1849916733495,854.1849916733495,855.5992052357226,854.1849916733495,854.892098454536,854.1849916733495,855.5992052357226,852.0636713297898,853.4778848921629,855.5992052357226,854.892098454536,854.892098454536,852.0636713297898,854.892098454536,849.9423509862302,855.5992052357226,854.1849916733495,854.892098454536,853.4778848921629,854.1849916733495,855.5992052357226,854.1849916733495,853.4778848921629,-0.7071067811865532,-3.535533905932766,0.0,-1.4142135623731065,0.0,0.7071067811865532,-2.1213203435596597,0.0,0.0,-0.7071067811865532,-0.7071067811865532,-1.4142135623731065,-2.828427124746213,0.0,-0.7071067811865532,0.7071067811865532,-0.7071067811865532,0.7071067811865532,1.4142135623731065,1.4142135623731065,0.0,3.535533905932766,0.0,1.4142135623731065,-0.7071067811865532,0.7071067811865532,0.0,0.7071067811865532,-0.7071067811865532,0.0,-0.7071067811865532,0.0,1.4142135623731065,1.4142135623731065,0.0,-0.7071067811865532,-1.4142135623731065,0.0,0.0,0.7071067811865532,1.4142135623731065,0.0,0.0,0.0,0.0,-0.7071067811865532,-1.4142135623731065,-1.4142135623731065,-2.1213203435596597,-2.1213203435596597,0.0,-0.7071067811865532,-0.7071067811865532,-2.1213203435596597,-0.7071067811865532,0.0,0.0,-2.828427124746213,0.7071067811865532,-2.1213203435596597,0.0,0.0,-1.4142135623731065,-2.1213203435596597
sensorSonido_data.csv,855.5992052357226,854.1849916733495,854.1849916733495,854.892098454536,854.1849916733495,854.1849916733495,857.0134187980957,854.892098454536,854.1849916733495,852.0636713297898,855.5992052357226,856.3063120169091,854.1849916733495,855.5992052357226,855.5992052357226,854.892098454536,856.3063120169091,854.1849916733495,854.1849916733495,855.5992052357226,853.4778848921629,854.1849916733495,854.892098454536,854.892098454536,856.3063120169091,856.3063120169091,854.892098454536,854.892098454536,852.7707781109764,853.4778848921629,854.1849916733495,854.892098454536,855.5992052357226,854.1849916733495,854.892098454536,854.892098454536,854.892098454536,854.892098454536,854.1849916733495,853.4778848921629,855.5992052357226,852.7707781109764,854.892098454536,853.4778848921629,854.892098454536,854.892098454536,856.3063120169091,853.4778848921629,853.4778848921629,855.5992052357226,854.892098454536,854.892098454536,853.4778848921629,852.7707781109764,853.4778848921629,852.7707781109764,854.892098454536,856.3063120169091,855.5992052357226,855.5992052357226,854.892098454536,854.892098454536,854.892098454536,856.3063120169091,0.0,1.4142135623731065,0.0,-0.7071067811865532,0.0,0.0,2.828427124746156,-0.7071067811865532,-1.4142135623731065,2.1213203435596597,-2.828427124746213,0.7071067811865532,0.0,0.0,0.0,0.7071067811865532,0.7071067811865532,1.4142135623731065,0.0,0.0,-0.7071067811865532,0.0,-0.7071067811865532,0.7071067811865532,2.1213203435596597,2.1213203435596597,-2.1213203435596597,-0.7071067811865532,0.0,0.7071067811865532,0.0,-0.7071067811865532,-1.4142135623731065,1.4142135623731065,0.7071067811865532,-0.7071067811865532,-2.1213203435596597,0.7071067811865532,0.0,0.7071067811865532,-1.4142135623731065,0.0,0.7071067811865532,2.1213203435596597,-0.7071067811865532,0.7071067811865532,0.7071067811865532,0.7071067811865532,2.1213203435596597,0.0,-0.7071067811865532,0.7071067811865532,0.7071067811865532,1.4142135623731065,2.1213203435596597,1.4142135623731065,0.7071067811865532,-0.7071067811865532,-1.4142135623731065,-1.4142135623731065,0.7071067811865532,0.7071067811865532,-0.7071067811865532,-0.7071067811865532
sensorSonido_data.csv,854.892098454536,855.5992052357226,854.1849916733495,852.7707781109764,854.1849916733495,854.892098454536,854.1849916733495,854.1849916733495,852.0636713297898,854.892098454536,854.892098454536,854.892098454536,855.5992052357226,855.5992052357226,854.892098454536,855.5992052357226,854.1849916733495,855.5992052357226,855.5992052357226,856.3063120169091,854.1849916733495,854.892098454536,854.892098454536,852.7707781109764,852.7707781109764,852.7707781109764,855.5992052357226,853.4778848921629,855.5992052357226,854.1849916733495,854.892098454536,855.5992052357226,853.4778848921629,856.3063120169091,857.0134187980957,854.1849916733495,853.4778848921629,854.892098454536,854.892098454536,854.1849916733495,854.1849916733495,854.1849916733495,854.1849916733495,854.892098454536,854.892098454536,852.0636713297898,854.1849916733495,854.892098454536,854.1849916733495,854.892098454536,852.7707781109764,854.1849916733495,856.3063120169091,854.892098454536,855.5992052357226,854.1849916733495,854.892098454536,854.892098454536,854.1849916733495,851.3565645486033,854.1849916733495,853.4778848921629,855.5992052357226,855.5992052357226,-0.7071067811865532,-2.828427124746213,2.828427124746213,2.828427124746213,2.828427124746213,0.7071067811865532,1.4142135623731065,0.0,-0.7071067811865532,0.7071067811865532,0.7071067811865532,-0.7071067811865532,0.0,1.4142135623731065,0.7071067811865532,1.4142135623731065,0.0,-1.4142135623731065,0.0,-2.1213203435596597,0.0,0.7071067811865532,0.7071067811865532,-2.828427124746213,0.0,0.0,0.0,2.1213203435596597,0.0,0.0,0.7071067811865532,1.4142135623731065,0.7071067811865532,-0.7071067811865532,-2.828427124746156,0.0,-0.7071067811865532,-0.7071067811865532,-0.7071067811865532,0.0,0.0,2.828427124746213,0.0,0.7071067811865532,0.7071067811865532,-2.1213203435596597,0.0,-0.7071067811865532,0.0,-0.7071067811865532,-1.4142135623731065,0.0,0.7071067811865532,0.7071067811865532,0.0,0.0,-0.7071067811865532,0.7071067811865532,1.4142135623731065,2.828427124746213,-1.4142135623731065,0.7071067811865532,0.0,0.0
sensorSonido_data.csv,854.892098454536,854.1849916733495,854.892098454536,855.5992052357226,854.1849916733495,855.5992052357226,854.1849916733495,853.4778848921629,854.892098454536,853.4778848921629,855.5992052357226,854.1849916733495,852.7707781109764,854.892098454536,856.3063120169091,854.1849916733495,854.1849916733495,853.4778848921629,852.0636713297898,854.892098454536,854.892098454536,856.3063120169091,854.892098454536,854.892098454536,854.892098454536,854.892098454536,856.3063120169091,854.892098454536,854.1849916733495,855.5992052357226,854.1849916733495,853.4778848921629,853.4778848921629,854.892098454536,855.5992052357226,855.5992052357226,852.7707781109764,854.892098454536,856.3063120169091,854.892098454536,854.892098454536,854.892098454536,853.4778848921629,856.3063120169091,854.892098454536,854.892098454536,854.892098454536,854.892098454536,854.892098454536,852.7707781109764,856.3063120169091,854.1849916733495,854.1849916733495,854.1849916733495,852.0636713297898,855.5992052357226,852.0636713297898,855.5992052357226,854.892098454536,854.1849916733495,854.1849916733495,854.892098454536,852.0636713297898,854.892098454536,0.7071067811865532,0.0,0.7071067811865532,0.0,0.0,0.0,0.0,2.1213203435596597,0.7071067811865532,0.7071067811865532,0.0,-2.828427124746213,0.0,-0.7071067811865532,-0.7071067811865532,0.0,-1.4142135623731065,0.7071067811865532,2.1213203435596597,0.7071067811865532,-0.7071067811865532,-2.1213203435596597,-0.7071067811865532,0.7071067811865532,0.7071067811865532,0.7071067811865532,0.7071067811865532,0.7071067811865532,1.4142135623731065,0.0,0.0,-0.7071067811865532,-3.535533905932766,-0.7071067811865532,1.4142135623731065,0.0,-1.4142135623731065,-0.7071067811865532,-0.7071067811865532,-3.535533905932766,-3.535533905932766,-0.7071067811865532,2.1213203435596597,0.7071067811865532,-0.7071067811865532,-0.7071067811865532,-0.7071067811865532,-2.1213203435596597,0.7071067811865532,-1.4142135623731065,0.7071067811865532,0.0,0.0,0.0,2.1213203435596597,-1.4142135623731065,-2.1213203435596597,1.4142135623731065,-0.7071067811865532,0.0,0.0,-0.7071067811865532,0.7071067811865532,0.7071067811865532
sensorSonido_data.csv,853.4778848921629,854.1849916733495,854.892098454536,854.892098454536,854.892098454536,852.7707781109764,855.5992052357226,854.1849916733495,855.5992052357226,853.4778848921629,854.1849916733495,855.5992052357226,854.892098454536,857.0134187980957,852.7707781109764,852.7707781109764,855.5992052357226,855.5992052357226,854.1849916733495,852.0636713297898,856.3063120169091,852.7707781109764,852.7707781109764,851.3565645486033,855.5992052357226,854.1849916733495,854.892098454536,852.7707781109764,853.4778848921629,853.4778848921629,854.1849916733495,853.4778848921629,854.892098454536,855.5992052357226,853.4778848921629,853.4778848921629,854.1849916733495,854.1849916733495,849.2352442050436,853.4778848921629,855.5992052357226,853.4778848921629,854.1849916733495,854.1849916733495,854.892098454536,854.892098454536,851.3565645486033,854.1849916733495,854.1849916733495,854.892098454536,854.892098454536,855.5992052357226,854.1849916733495,854.892098454536,855.5992052357226,854.1849916733495,854.892098454536,854.892098454536,853.4778848921629,853.4778848921629,857.0134187980957,854.892098454536,856.3063120169091,854.892098454536,-2.1213203435596597,0.0,-0.7071067811865532,0.7071067811865532,-0.7071067811865532,-1.4142135623731065,1.4142135623731065,0.0,0.0,0.7071067811865532,0.0,-1.4142135623731065,0.7071067811865532,2.828427124746156,1.4142135623731065,-2.828427124746213,-1.4142135623731065,0.0,-1.4142135623731065,-2.1213203435596597,-0.7071067811865532,0.0,-1.4142135623731065,0.0,0.0,1.4142135623731065,0.7071067811865532,1.4142135623731065,-0.7071067811865532,-0.7071067811865532,0.0,-0.7071067811865532,-0.7071067811865532,-1.4142135623731065,0.7071067811865532,0.7071067811865532,0.0,0.0,0.7071067811865532,2.1213203435596597,1.4142135623731065,-0.7071067811865532,0.0,0.0,0.7071067811865532,0.7071067811865532,-1.4142135623731065,0.0,0.0,0.7071067811865532,0.7071067811865532,0.0,-1.4142135623731065,0.7071067811865532,0.0,0.0,-0.7071067811865532,-2.1213203435596597,-0.7071067811865532,-2.1213203435596597,1.4142135623731065,0.7071067811865532,0.7071067811865532,-2.1213203435596597
sensorSonido_data.csv,854.892098454536,854.1849916733495,855.5992052357226,852.7707781109764,853.4778848921629,854.892098454536,853.4778848921629,853.4778848921629,856.3063120169091,853.4778848921629,854.1849916733495,852.0636713297898,855.5992052357226,854.1849916733495,854.1849916733495,856.3063120169091,854.892098454536,855.5992052357226,857.0134187980957,856.3063120169091,854.1849916733495,854.1849916733495,854.1849916733495,854.892098454536,855.5992052357226,854.1849916733495,854.892098454536,854.892098454536,854.1849916733495,856.3063120169091,856.3063120169091,856.3063120169091,852.0636713297898,854.892098454536,857.7205255792821,854.892098454536,854.892098454536,854.1849916733495,853.4778848921629,855.5992052357226,852.7707781109764,852.0636713297898,853.4778848921629,853.4778848921629,855.5992052357226,854.1849916733495,854.892098454536,854.1849916733495,854.1849916733495,855.5992052357226,855.5992052357226,854.892098454536,853.4778848921629,854.892098454536,856.3063120169091,854.1849916733495,854.892098454536,852.7707781109764,854.892098454536,851.3565645486033,854.892098454536,854.1849916733495,854.892098454536,853.4778848921629,0.7071067811865532,0.0,0.0,2.828427124746213,2.1213203435596597,-0.7071067811865532,3.535533905932766,-2.1213203435596597,-0.7071067811865532,-0.7071067811865532,0.0,-2.1213203435596597,1.4142135623731065,-2.828427124746213,-1.4142135623731065,0.7071067811865532,-0.7071067811865532,0.0,-1.4142135623731065,2.1213203435596597,1.4142135623731065,0.0,0.0,-0.7071067811865532,0.0,1.4142135623731065,0.7071067811865532,-0.7071067811865532,2.828427124746213,-0.7071067811865532,-0.7071067811865532,0.7071067811865532,-3.535533905932766,0.7071067811865532,-2.121320343559603,-0.7071067811865532,0.7071067811865532,0.0,-2.1213203435596597,0.0,-1.4142135623731065,-3.535533905932766,-2.1213203435596597,0.7071067811865532,0.0,1.4142135623731065,2.1213203435596597,0.0,-1.4142135623731065,-1.4142135623731065,0.0,0.7071067811865532,-2.1213203435596597,-0.7071067811865532,0.7071067811865532,-4.242640687119319,0.7071067811865532,1.4142135623731065,-0.7071067811865532,2.828427124746213,0.7071067811865532,-1.4142135623731065,0.7071067811865532,-0.7071067811865532
sensorSonido_data.csv,854.892098454536,854.1849916733495,854.1849916733495,854.892098454536,854.892098454536,854.892098454536,855.5992052357226,854.1849916733495,854.892098454536,854.892098454536,855.5992052357226,854.892098454536,854.1849916733495,854.892098454536,854.1849916733495,854.1849916733495,854.1849916733495,854.892098454536,854.1849916733495,855.5992052357226,852.0636713297898,854.1849916733495,854.1849916733495,854.1849916733495,854.892098454536,854.892098454536,854.1849916733495,854.892098454536,852.7707781109764,853.4778848921629,854.892098454536,855.5992052357226,854.892098454536,854.892098454536,854.1849916733495,854.1849916733495,854.1849916733495,855.5992052357226,854.892098454536,854.892098454536,854.1849916733495,854.1849916733495,854.892098454536,854.1849916733495,854.892098454536,855.5992052357226,854.1849916733495,854.892098454536,854.1849916733495,854.1849916733495,855.5992052357226,853.4778848921629,854.892098454536,854.892098454536,854.892098454536,855.5992052357226,856.3063120169091,852.7707781109764,852.7707781109764,854.1849916733495,854.892098454536,854.892098454536,854.1849916733495,854.892098454536,-0.7071067811865532,1.4142135623731065,0.0,-0.7071067811865532,0.7071067811865532,0.7071067811865532,0.0,0.0,0.7071067811865532,0.7071067811865532,0.0,-0.7071067811865532,0.0,0.7071067811865532,0.0,0.0,0.0,0.7071067811865532,0.0,0.0,-0.7071067811865532,0.0,0.0,0.0,0.7071067811865532,0.7071067811865532,0.0,-0.7071067811865532,1.4142135623731065,-2.1213203435596597,-0.7071067811865532,0.0,0.7071067811865532,-0.7071067811865532,-1.4142135623731065,0.0,0.0,0.0,0.7071067811865532,0.7071067811865532,0.0,1.4142135623731065,-0.7071067811865532,0.0,0.7071067811865532,-1.4142135623731065,0.0,-0.7071067811865532,0.0,0.0,0.0,-2.1213203435596597,0.7071067811865532,0.7071067811865532,0.7071067811865532,0.0,0.7071067811865532,-1.4142135623731065,-1.4142135623731065,0.0,0.7071067811865532,-0.7071067811865532,0.0,-0.7071067811865532
sensorSonido_data.csv,856.3063120169091,854.1849916733495,854.892098454536,855.5992052357226,854.892098454536,853.4778848921629,854.892098454536,854.892098454536,854.1849916733495,855.5992052357226,854.1849916733495,854.892098454536,854.1849916733495,854.892098454536,854.892098454536,856.3063120169091,854.892098454536,854.892098454536,855.5992052357226,854.892098454536,854.892098454536,852.7707781109764,854.1849916733495,854.892098454536,854.892098454536,853.4778848921629,855.5992052357226,854.892098454536,854.892098454536,854.892098454536,856.3063120169091,853.4778848921629,855.5992052357226,854.892098454536,853.4778848921629,854.892098454536,853.4778848921629,854.1849916733495,854.892098454536,855.5992052357226,855.5992052357226,852.7707781109764,853.4778848921629,854.892098454536,854.892098454536,852.7707781109764,854.1849916733495,854.892098454536,854.892098454536,854.892098454536,854.892098454536,854.1849916733495,852.0636713297898,854.1849916733495,854.1849916733495,857.0134187980957,855.5992052357226,854.892098454536,853.4778848921629,852.7707781109764,855.5992052357226,856.3063120169091,857.0134187980957,854.1849916733495,-2.1213203435596597,0.0,-0.7071067811865532,1.4142135623731065,0.7071067811865532,0.7071067811865532,0.7071067811865532,-0.7071067811865532,0.0,-1.4142135623731065,0.0,-0.7071067811865532,0.0,-0.7071067811865532,-0.7071067811865532,-0.7071067811865532,0.7071067811865532,0.7071067811865532,-2.828427124746213,-0.7071067811865532,-0.7071067811865532,-1.4142135623731065,0.0,-0.7071067811865532,0.7071067811865532,0.7071067811865532,0.0,-0.7071067811865532,0.7071067811865532,-0.7071067811865532,0.7071067811865532,2.1213203435596597,0.0,-0.7071067811865532,2.1213203435596597,-0.7071067811865532,2.1213203435596597,0.0,-0.7071067811865532,0.0,0.0,-1.4142135623731065,2.1213203435596597,-0.7071067811865532,0.7071067811865532,-1.4142135623731065,0.0,0.7071067811865532,-0.7071067811865532,-0.7071067811865532,-0.7071067811865532,-1.4142135623731065,-3.535533905932766,1.4142135623731065,0.0,1.4142135623731065,1.4142135623731065,-0.7071067811865532,2.1213203435596597,2.828427124746213,0.0,0.7071067811865532,1.4142135623731065,0.0
termistor_data.csv,499.2173875177026,499.2173875177026,500.63160108007565,503.46002820482187,511.2382027978739,519.7234841721124,605.9905114768712,988.5352800987935,1190.0607127369597,1213.3952365161156,1205.6170619230636,1203.495741579504,1192.1820330805192,1170.2617228637364,1144.098771959834,1117.9358210559317,1090.3586565896562,1064.9028124669408,1038.7398615630384,1016.1124445650689,988.5352800987935,965.2007563196374,945.4017664464141,925.6027765731908,907.9251070435271,889.5403307326769,867.6200205158939,849.9423509862302,831.55757467538,814.5870119269027,799.0306627407988,786.3027406794408,774.9890321804562,767.9179643685907,767.9179643685907,765.796644025031,761.5540033379118,760.1397897755387,767.2108575874041,842.8712831743646,984.9997461928608,1063.4885989045674,1123.592675305424,1156.8266940211918,1158.2409075835649,1159.655121145938,1135.6134905855954,1105.9150057757604,1079.0449480906716,1050.7606768432097,1023.8906191581209,999.1418818165916,969.4433970067566,945.4017664464141,924.1885630108177,900.8540392316615,879.6408357960652,861.9631662664015,844.2854967367377,826.607827207074,811.0514780209701,795.495128834866,782.7672067735082,769.3321779309638,0.0,0.0,0.0,-1.4142135623731065,-2.1213203435596597,-2.121320343559603,-57.27564927611036,-108.89444430272829,-12.020815280171291,0.0,3.5355339059326525,1.4142135623731065,4.242640687119319,6.363961030678979,5.656854249492426,6.363961030678865,7.071067811865419,7.071067811865419,6.363961030678865,6.363961030678922,8.485281374238582,4.949747468305873,4.949747468305816,3.535533905932766,4.242640687119319,4.242640687119263,6.363961030678922,4.242640687119319,4.242640687119263,4.242640687119263,4.242640687119263,2.828427124746156,2.828427124746156,1.4142135623731065,0.0,0.7071067811865532,2.121320343559603,0.7071067811864964,-3.535533905932766,-35.35533905932738,-30.405591591021505,-15.556349186104057,-14.849242404917504,-2.828427124746213,0.0,2.828427124746213,7.071067811865532,7.071067811865532,7.071067811865532,7.071067811865532,5.656854249492426,6.363961030678922,7.778174593052029,6.363961030678922,4.949747468305873,5.656854249492369,5.656854249492426,4.949747468305816,4.242640687119263,4.949747468305816,3.535533905932766,3.535533905932766,2.1213203435596597,2.828427124746213
termistor_data.csv,757.3113626507925,744.5834405894345,732.5626253092632,722.6631303726516,712.76363543604,701.4499269370551,690.8433252192569,684.4793641885781,675.9940828143394,668.923015002474,663.2661607529816,656.1950929411162,649.8311319104372,644.1742776609449,636.3961030678928,631.4463555995869,625.7895013500946,620.8397538817887,615.890006413483,610.2331521639906,605.9905114768712,603.162084352125,597.5052301026327,588.3128419472075,584.0702012600883,579.827560572969,575.5849198858498,572.049385979917,569.9280656363574,571.3422791987305,574.8778131046631,588.3128419472075,634.2747827243331,673.1656556895932,747.4118677141807,957.4225817265853,1047.9322497184635,1061.3672785610079,1064.195705685754,1050.7606768432097,1032.3759005323595,1013.2840174403227,994.1921343482859,974.3931444750626,956.0083681642122,944.6946596652276,947.5230867899737,939.7449121969217,923.4814562296311,905.8037866999674,899.4398256692886,896.6113985445423,888.8332239514903,872.5697679841996,857.7205255792821,848.5281374238571,881.7621561396248,917.8246019801388,937.6235918533621,948.9373003523468,943.987552884041,925.6027765731908,905.0966799187809,883.1763697019978,2.1213203435596597,3.5355339059327093,2.828427124746156,2.828427124746213,2.828427124746213,2.828427124746156,2.1213203435596597,1.4142135623731065,2.828427124746156,1.4142135623731065,1.4142135623731065,1.4142135623731065,0.7071067811865532,2.121320343559603,1.4142135623731065,0.7071067811864964,2.1213203435596597,1.4142135623731065,0.7071067811865532,2.1213203435596597,0.7071067811865532,0.7071067811864964,0.7071067811865532,1.4142135623730496,1.4142135623731065,1.4142135623731065,1.4142135623730496,0.7071067811865532,0.0,-1.4142135623731065,-2.121320343559603,-7.0710678118654755,-13.435028842544398,-7.0710678118654755,-44.54772721475251,-45.25483399593901,-5.656854249492426,-3.5355339059326525,2.121320343559546,5.656854249492426,5.656854249492312,4.949747468305816,4.242640687119319,4.242640687119263,5.656854249492369,2.828427124746156,-2.828427124746213,3.535533905932766,4.242640687119319,3.535533905932766,0.0,0.0,3.5355339059327093,2.828427124746156,3.5355339059327093,0.0,-13.435028842544398,-7.0710678118654755,-1.4142135623731065,-2.828427124746213,3.5355339059327093,3.535533905932766,5.656854249492369,4.949747468305816
termistor_data.csv,864.0844866099612,825.193613644701,18.38477631085024,779.938779648762,765.0895372438445,751.6545084013001,738.9265863399422,726.9057710597709,717.0062761231593,707.8138879677341,700.7428201558687,692.9646455628166,685.1864709697646,677.4082963767125,670.3372285648471,663.9732675341681,656.1950929411162,649.1240251292506,643.4671708797583,637.1032098490793,632.1534623807736,627.2037149124677,622.2539674441618,618.0113267570425,615.1828996322964,611.6473657263637,607.4047250392443,604.5762979144981,601.0407640085655,597.5052301026327,591.8483758531404,586.8986283848345,585.4844148224614,584.0702012600883,581.9488809165287,580.5346673541555,576.9991334482228,574.1707063234767,572.049385979917,569.2209588551708,566.3925317304246,563.5641046056784,560.7356774809323,558.6143571373726,556.493036793813,555.0788232314399,552.9575028878802,549.4219689819474,548.0077554195743,546.5935418572012,545.1793282948282,545.1793282948282,558.6143571373725,569.9280656363574,576.9991334482229,581.9488809165287,585.4844148224614,587.6057351660211,591.8483758531403,590.4341622907672,594.6768029778865,586.8986283848345,583.3630944789018,578.4133470105959,5.656854249492369,9.192388155425078,0.0,3.535533905932766,1.4142135623731065,2.1213203435596597,3.535533905932766,2.828427124746213,1.4142135623730496,2.1213203435596597,2.121320343559603,2.828427124746213,2.1213203435596597,1.4142135623731065,1.4142135623731065,0.7071067811865532,1.4142135623731065,1.4142135623731065,1.4142135623731065,2.1213203435596597,1.4142135623730496,2.1213203435596597,0.0,1.4142135623730496,1.4142135623731065,0.7071067811865532,0.7071067811865532,0.7071067811865532,1.4142135623731065,0.7071067811865532,3.5355339059327093,0.0,0.0,0.0,0.7071067811865532,0.7071067811865532,0.0,0.0,0.7071067811865532,0.7071067811865532,0.7071067811865532,0.7071067811865532,0.7071067811864964,1.4142135623731065,0.7071067811865532,0.7071067811865532,1.4142135623731065,0.7071067811865532,0.7071067811865532,0.7071067811864964,0.7071067811865532,-0.7071067811865532,-4.242640687119263,-1.4142135623731065,-2.828427124746156,-0.7071067811865532,0.0,-0.7071067811865532,-2.1213203435596597,0.7071067811865532,0.7071067811865532,1.4142135623731065,0.7071067811865532,1.4142135623731065
termistor_data.csv,572.049385979917,567.8067452927977,564.2712113868649,562.1498910433053,564.9783181680515,581.9488809165287,586.8986283848345,591.8483758531404,596.7981233214462,642.0529573173851,1017.5266581274419,1282.6917010723973,1356.9379130969849,1410.6780284671624,1443.91204718293,1448.1546878700494,1448.1546878700494,1448.1546878700494,1443.2049404017434,1431.8912319027588,1417.0419894978413,1399.3643199681778,1376.0297961890215,1353.4023791910522,1332.1891757554556,1311.6830791010457,1289.0556621030762,1267.1353518862934,1244.5079348883237,1217.637877203235,1189.353605955773,1162.4835482706842,1137.0277041479685,1111.5718600252528,1086.8231226837238,1064.195705685754,1042.9825022501577,1022.4764055957478,1001.9703089413379,977.2215715998087,957.4225817265853,939.0378054157352,920.6530291048849,901.5611460128482,883.8834764831845,866.9129137347073,852.0636713297898,836.5073221436858,820.9509729575817,805.3946237714777,790.5453813665602,778.5245660863889,766.5037508062176,753.7758287448597,741.0479066835019,729.734198184517,719.8347032479054,708.5209947489207,695.0859659063763,685.8935777509512,675.286976033153,663.9732675341681,652.6595590351834,643.4671708797582,0.7071067811865532,0.7071067811865532,1.4142135623731065,0.7071067811865532,-2.1213203435596597,-2.1213203435596597,-1.4142135623731065,-3.5355339059327093,-1.4142135623731065,-36.769552621700484,-105.35891039679552,-33.94112549695433,-13.435028842544398,-12.020815280171291,-4.242640687119319,0.0,0.0,0.0,3.535533905932766,3.5355339059326525,4.242640687119319,4.949747468305873,7.071067811865419,5.656854249492312,4.242640687119319,4.949747468305873,6.363961030678865,5.656854249492312,5.656854249492426,7.071067811865532,7.071067811865532,5.656854249492426,5.656854249492426,5.656854249492426,6.363961030678979,6.363961030678865,4.949747468305873,4.242640687119319,4.949747468305816,4.242640687119319,4.242640687119263,4.242640687119319,4.242640687119319,4.949747468305816,4.242640687119263,5.656854249492426,3.535533905932766,3.535533905932766,3.535533905932766,3.5355339059327093,2.828427124746156,3.535533905932766,2.828427124746213,2.828427124746213,2.828427124746213,2.828427124746156,2.828427124746213,4.242640687119319,3.535533905932766,2.828427124746156,3.5355339059327093,2.1213203435596597,2.1213203435596597,2.828427124746156
termistor_data.csv,633.5676759431466,626.4966081312812,619.4255403194156,613.7686860699233,607.4047250392443,603.162084352125,597.5052301026327,588.3128419472075,585.4844148224614,581.9488809165287,578.4133470105959,573.4635995422901,569.2209588551708,567.8067452927977,564.2712113868649,562.1498910433053,560.0285706997457,556.493036793813,555.7859300126264,553.6646096690667,552.2503961066936,550.129075763134,548.0077554195743,547.3006486383878,545.8864350760148,544.4722215136417,543.0580079512686,540.2295808265224,540.2295808265224,538.8153672641492,538.1082604829627,535.986940139403,537.4011537017761,541.6437943888955,546.5935418572012,556.493036793813,589.7270555095806,712.0565286548534,880.3479425772517,1072.6809870599927,1161.069334708311,1187.9393923933999,1172.383043207296,1151.1698397716996,1129.2495295549165,1115.8145007123721,1099.5510447450815,1080.4591616530447,1074.0952006223656,1074.8023074035523,1068.4383463728732,1056.4175310927021,1040.1540751254115,1022.4764055957478,1006.9200564096437,994.8992411294724,982.1713190681146,966.6149698820105,951.0586206959065,936.209378290989,922.7743494484446,909.3393206059002,895.9042917633558,885.2976900455576,1.4142135623731065,2.828427124746213,1.4142135623731065,1.4142135623731065,0.7071067811865532,0.7071067811864964,0.7071067811865532,1.4142135623730496,0.0,0.7071067811865532,1.4142135623731065,0.7071067811865532,0.7071067811865532,0.7071067811865532,1.4142135623731065,0.7071067811865532,0.0,0.7071067811865532,0.0,0.7071067811865532,0.7071067811865532,1.4142135623731065,0.7071067811865532,0.0,0.0,0.0,0.0,0.0,0.0,0.0,0.7071067811865532,0.0,-1.4142135623731065,-1.4142135623731065,-0.7071067811864964,-4.949747468305816,-15.556349186104,-38.89087296526009,-47.376154339498726,-34.64823227814088,-14.142135623730951,0.0,5.656854249492426,5.656854249492312,4.949747468305873,4.242640687119319,4.949747468305873,2.828427124746213,0.7071067811865532,1.4142135623731065,3.535533905932766,2.828427124746213,3.535533905932766,4.242640687119319,2.828427124746213,2.1213203435596597,4.949747468305816,3.535533905932766,3.535533905932766,2.828427124746213,2.1213203435596597,2.828427124746213,3.535533905932766,1.4142135623731065
termistor_data.csv,873.2768747653863,861.9631662664015,851.3565645486033,842.1641763931782,835.8002153624992,830.1433611130069,820.2438661763952,811.7585848021566,802.5661966467314,799.7377695219853,800.4448763031719,801.1519830843584,795.495128834866,781.3529932111351,766.5037508062176,752.3616151824866,740.3407999023153,729.0270914033306,718.4204896855324,709.2281015301072,700.7428201558687,689.4291116568838,680.9438302826453,671.0443353460337,661.8519471906086,652.6595590351834,646.2955980045044,637.8103166302659,632.1534623807736,623.668181006535,619.4255403194156,613.0615792887368,606.6976182580578,601.0407640085655,595.383909759073,586.8986283848345,583.3630944789018,579.827560572969,575.5849198858498,571.3422791987305,568.5138520739843,565.685424949238,562.1498910433053,560.0285706997457,556.493036793813,554.3717164502533,551.5432893255071,548.7148622007609,547.3006486383878,545.8864350760148,543.7651147324551,541.6437943888955,539.5224740453358,538.8153672641492,535.986940139403,534.5727265770299,533.1585130146568,532.4514062334704,531.0371926710973,530.3300858899107,528.9158723275376,528.2087655463511,527.5016587651645,527.5016587651645,2.121320343559603,3.5355339059327093,2.828427124746213,2.1213203435596597,1.4142135623731065,1.4142135623730496,1.4142135623731065,2.828427124746213,2.121320343559603,-0.7071067811865532,0.0,-0.7071067811865532,3.535533905932766,3.535533905932766,2.828427124746213,2.828427124746213,2.1213203435596597,3.5355339059327093,2.828427124746156,3.535533905932766,2.121320343559603,2.121320343559603,2.1213203435596597,2.1213203435596597,2.828427124746156,2.1213203435596597,1.4142135623730496,1.4142135623731065,1.4142135623730496,1.4142135623731065,1.4142135623731065,2.1213203435596597,1.4142135623731065,2.828427124746156,1.4142135623731065,1.4142135623731065,0.7071067811865532,1.4142135623731065,1.4142135623730496,1.4142135623731065,0.0,1.4142135623731065,0.7071067811865532,0.0,0.7071067811865532,0.0,0.0,0.0,0.0,0.0,0.7071067811865532,1.4142135623731065,0.7071067811865532,0.0,0.0,0.0,0.0,0.7071067811864964,0.7071067811865532,0.0,0.0,0.7071067811865532,0.0,0.0
termistor_data.csv,526.794551983978,524.6732316404183,523.2590180780452,522.5519112968586,521.8448045156721,520.430590953299,520.430590953299,519.0163773909259,519.0163773909259,519.0163773909259,519.7234841721124,520.430590953299,528.9158723275376,534.5727265770299,542.350901170082,553.6646096690667,558.6143571373726,560.7356774809323,568.5138520739843,581.9488809165287,610.2331521639906,617.3042199758561,618.7184335382291,618.0113267570425,617.3042199758561,620.1326471006022,623.668181006535,623.668181006535,623.668181006535,623.668181006535,624.3752877877215,621.5468606629753,615.1828996322964,608.8189386016174,604.5762979144981,598.9194436650058,596.0910165402596,587.6057351660211,585.4844148224614,583.3630944789018,578.4133470105959,575.5849198858498,572.7564927611036,570.6351724175439,569.9280656363574,572.049385979917,576.2920266670362,603.8691911333117,753.0687219636732,1104.5007922133873,1353.4023791910522,1438.2551929334377,1448.1546878700494,1448.1546878700494,1448.1546878700494,1445.3262607453032,1431.1841251215724,1414.213562373095,1396.5358928434316,1377.4440097513948,1357.6450198781713,1339.2602435673211,1318.7541469129112,1297.5409434773146,0.7071067811865532,1.4142135623731065,0.0,0.7071067811865532,0.0,0.0,0.0,0.0,0.0,0.0,-0.7071067811865532,0.0,-1.4142135623731065,-1.4142135623731065,-3.535533905932766,-2.1213203435596597,-1.4142135623731065,-0.7071067811864964,-1.4142135623731065,-4.949747468305873,-4.949747468305873,-0.7071067811864964,0.7071067811865532,0.0,-0.7071067811864964,-2.1213203435596597,0.0,0.0,0.0,0.0,0.7071067811865532,0.7071067811865532,1.4142135623731065,2.1213203435596597,0.7071067811865532,0.7071067811865532,0.7071067811865532,0.7071067811865532,0.0,0.7071067811865532,1.4142135623731065,1.4142135623730496,0.0,0.7071067811865532,0.0,-0.7071067811865532,-2.121320343559603,-16.970562748477107,-68.5893577750951,-84.8528137423857,-39.59797974644664,-7.071067811865419,0.0,0.0,0.0,2.828427124746213,4.242640687119206,4.242640687119319,3.535533905932766,5.656854249492312,4.242640687119319,5.656854249492426,4.949747468305759,4.949747468305873
termistor_data.csv,1275.6206332605318,1255.8216433873085,1233.1942263893388,1210.5668093913696,1186.5251788310268,1163.8977618330573,1141.9774516162743,1119.3500346183048,1098.8439379638949,1077.6307345282985,1057.8317446550752,1035.9114344382922,1016.8195513462554,995.606347910659,972.2718241315029,949.6444071335334,930.5525240414966,911.4606409494597,892.368757857423,876.1053018901325,858.4276323604688,844.2854967367377,826.607827207074,811.7585848021566,797.6164491784257,784.8885271170678,772.16060505571,760.8468965567251,749.5331880577404,738.9265863399422,729.734198184517,720.541810029092,711.3494218736669,700.7428201558687,690.8433252192569,683.065150626205,673.8727624707799,666.0945878777278,657.6093065034893,650.5382386916237,644.1742776609449,637.8103166302659,632.86056916196,627.2037149124677,621.5468606629753,617.3042199758561,613.7686860699233,609.526045382804,605.9905114768712,603.162084352125,597.5052301026327,593.2625894155134,587.6057351660211,585.4844148224614,582.6559876977152,579.827560572969,575.5849198858498,572.7564927611036,569.9280656363574,567.8067452927977,564.9783181680515,562.1498910433053,560.0285706997457,558.6143571373726,5.656854249492426,5.656854249492426,5.656854249492312,4.242640687119206,7.071067811865532,4.242640687119319,4.949747468305873,6.363961030678865,5.656854249492312,4.242640687119319,4.242640687119319,6.363961030678865,5.656854249492369,5.656854249492369,4.949747468305816,4.949747468305873,5.656854249492369,4.949747468305816,4.242640687119319,3.5355339059327093,2.828427124746156,4.242640687119263,4.949747468305816,4.242640687119319,4.242640687119319,2.828427124746213,2.828427124746156,4.242640687119263,2.828427124746213,2.1213203435596597,2.828427124746156,2.1213203435596597,2.828427124746213,2.121320343559603,2.1213203435596597,2.828427124746213,2.121320343559603,1.4142135623731065,1.4142135623731065,1.4142135623731065,2.121320343559603,1.4142135623731065,0.7071067811865532,2.1213203435596597,0.7071067811865532,0.7071067811864964,1.4142135623731065,1.4142135623731065,0.7071067811865532,0.7071067811864964,0.7071067811865532,2.1213203435596597,0.7071067811865532,0.0,0.0,1.4142135623731065,1.4142135623730496,0.0,1.4142135623731065,0.7071067811865532,0.7071067811865532,0.7071067811865532,0.0,1.4142135623731065
termistor_data.csv,556.493036793813,555.7859300126264,554.3717164502533,551.5432893255071,548.7148622007609,547.3006486383878,546.5935418572012,543.7651147324551,541.6437943888955,540.2295808265224,540.2295808265224,538.8153672641492,538.8153672641492,538.8153672641492,540.2295808265224,544.4722215136417,548.0077554195743,552.9575028878802,557.9072503561861,563.5641046056784,588.3128419472075,650.5382386916237,696.5001794687494,715.5920625607862,714.8849557795996,711.3494218736669,707.1067811865476,703.5712472806148,700.7428201558687,694.3788591251897,685.1864709697646,673.8727624707799,664.6803743153547,657.6093065034893,650.5382386916237,645.588491223318,639.224530192639,634.2747827243331,629.3250352560274,622.9610742253484,617.3042199758561,611.6473657263637,606.6976182580578,602.4549775709386,595.383909759073,587.6057351660211,584.7773080412749,581.9488809165287,581.9488809165287,590.4341622907673,633.5676759431466,700.7428201558687,753.7758287448596,869.7413408594534,982.1713190681146,1040.1540751254115,1100.2581515262682,1137.0277041479685,1146.2200923033938,1144.8058787410205,1132.7850634608492,1126.4211024301703,1137.0277041479685,1127.1282092113568,0.7071067811865532,0.0,0.0,0.0,0.0,0.0,0.7071067811864964,0.7071067811865532,1.4142135623731065,0.0,0.0,0.0,0.0,0.0,0.0,-1.4142135623731065,-0.7071067811865532,-1.4142135623731065,-2.1213203435596597,-2.1213203435596597,-15.556349186104,-15.556349186104057,-7.778174593052029,-1.4142135623730496,0.7071067811865532,1.4142135623731065,1.4142135623731065,0.7071067811865532,0.7071067811865532,2.828427124746213,2.1213203435596597,2.121320343559603,1.4142135623731065,1.4142135623731065,1.4142135623731065,0.7071067811864964,1.4142135623731065,0.7071067811865532,1.4142135623731065,0.7071067811865532,0.7071067811864964,0.7071067811865532,1.4142135623731065,1.4142135623730496,1.4142135623731065,0.7071067811865532,0.7071067811865532,0.7071067811865532,-0.7071067811865532,-6.363961030678922,-14.142135623730951,-12.020815280171348,-21.213203435596427,-35.35533905932738,-24.748737341529136,-12.020815280171291,-16.970562748477164,-2.828427124746213,-0.7071067811865532,2.1213203435596597,4.242640687119319,-0.7071067811865532,0.0,4.242640687119319
termistor_data.csv,1117.2287142747452,1106.6221125569468,1103.0865786510142,1105.9150057757604,1100.9652583074544,1086.8231226837238,1069.1454531540599,1054.2962107491426,1042.9825022501577,1029.5474734076133,1018.940871689815,1004.7987360660841,988.5352800987935,975.1002512562491,963.0794359760778,947.5230867899738,934.7951647286159,923.4814562296311,906.510893481154,887.4190103891171,866.2058069535208,849.9423509862302,834.3860018001261,818.829652614022,804.6875169902912,791.2524881477467,780.6458864299485,767.9179643685907,753.7758287448597,741.0479066835019,726.1986642785844,710.6423150924803,697.2072862499359,683.7722574073915,670.3372285648471,660.4377336282355,651.9524522539969,646.2955980045044,639.224530192639,633.5676759431466,627.9108216936543,622.9610742253484,617.3042199758561,613.7686860699233,607.4047250392443,604.5762979144981,600.3336572273789,591.8483758531404,586.191521603648,583.3630944789018,580.5346673541555,575.5849198858498,572.7564927611036,569.9280656363574,567.8067452927977,564.9783181680515,562.1498910433053,560.7356774809323,557.2001435749995,555.0788232314399,553.6646096690667,550.8361825443205,548.7148622007609,547.3006486383878,2.828427124746213,2.1213203435596597,0.0,-1.4142135623731065,3.535533905932766,4.949747468305873,4.242640687119319,2.1213203435596597,2.1213203435596597,2.828427124746213,3.535533905932766,3.535533905932766,4.242640687119263,2.1213203435596597,4.242640687119319,4.242640687119263,1.4142135623731065,2.828427124746213,4.242640687119319,4.949747468305816,4.949747468305873,4.242640687119319,2.828427124746213,2.828427124746156,2.828427124746156,2.1213203435596597,2.828427124746213,2.828427124746213,2.828427124746213,2.828427124746213,3.535533905932766,4.949747468305873,4.242640687119319,3.535533905932766,2.828427124746213,2.828427124746156,1.4142135623731065,1.4142135623730496,2.828427124746213,1.4142135623731065,2.828427124746213,0.7071067811865532,0.7071067811864964,1.4142135623731065,0.7071067811865532,0.7071067811865532,2.1213203435596597,3.5355339059327093,0.7071067811865532,0.7071067811865532,0.7071067811865532,1.4142135623730496,0.0,0.0,0.7071067811865532,0.7071067811865532,0.7071067811865532,0.7071067811864964,0.0,0.7071067811865532,0.7071067811865532,0.7071067811865532,0.0,0.0
